Company Name,Website,City,Segment,What They Make,Revenue Band,Decision Maker,DM Title,DM Background,C1 Manufacturer Score,C1 Evidence,C2 India Score,C2 Evidence,C3 Differentiation Score,C3 Evidence,C4 Tech DM Score,C4 Evidence,C5 Tailwind Score,C5 Evidence,C6 Growth Score,C6 Evidence,Federer Score,Score Band,Verdict,Verdict Reasoning,Personalization Hook,Evidence Sources
Daffodil Pharmachem,daffodilpharma.com,Ahmedabad,Pharma Excipients - Basket A,"High-purity citrates , Sodium Citrate, Potassium Citrate, Calcium Citrate. WHO-GMP certified. 80 MT/day.",Rs.100-500Cr,Jitu Patel / Kushal Patel,President / Technical Director,Jitu Patel - M.Pharma LM College Gujarat. Kushal Patel - MSc Chemistry Rutgers University USA gen-2.,Strong,WHO-GMP certified facility at Karoli Gujarat. SCADA-controlled manufacturing. 80 MT/day production. 200+ employees.,Strong,Karoli plant Gujarat + Ahmedabad HQ. US distribution arm Daffocitra.,Strong,Asia largest WHO-GMP certified citrate facility. India first integrated corn-to-crystal citric acid plant Daffodil Biosynth. NABL ISO 17025 certified lab. 5 continents exports.,Strong,Science-founder M.Pharma + gen-2 Technical Director MSc Chemistry Rutgers USA formally on board. SCADA systems = strong operational infrastructure.,Strong,Pharma excipients Make-in-India + China+1. Food additives growing. Biosynth fermentation = new tailwind.,Moderate,Group expanding Biosynth + Daffocare + BridgeCare + Daffocitra USA. Total assets +8.92%. BUT revenue dropped 27% FY25 and EBITDA -74%. Mixed signals.,88,A - Strong Federer,Strong Pass,Asia largest WHO-GMP citrate facility. Science-founder + Rutgers gen-2 formally on board. SCADA systems. 5-continent exports. Caveat - FY25 revenue drop 27% - address in outreach.,Asia largest WHO-GMP certified citrate manufacturer building India first corn-to-crystal integrated citric acid plant through Daffodil Biosynth.,daffodilgroup.in; Tracxn; Tofler; ZaubaCorp; EMIS
Crystal Quinone Pvt Ltd,crystalquinone.com,Ahmedabad,Custom Synthesis - Basket A,"Specialty dye intermediates, vinyl sulphones, synthetic antioxidants TBHQ/BHA, pigment intermediates, CDMO heterocyclic synthesis",Rs.100Cr+ est,Anang Shah / Aniket Shah,Managing Directors,Anang Shah - founder. Aniket Shah - gen-2 formally appointed MD. Both on MCA board.,Strong,3 plants at Vatva GIDC Phase I + II. New CDMO facility commissioned 2024 at Sayakha Gujarat. 900 MT/year organic + 1500 MT/year inorganic capacity.,Strong,Vatva GIDC Ahmedabad HQ + Sayakha Gujarat expansion.,Strong,ISO 9000/14000/45000 + EcoVadis certified. NDA-based CDMO projects for global MNCs. Europe stock at Antwerp. 1983 - 40+ year moat.,Strong,Aniket Shah gen-2 formally appointed MD on MCA board. Cross-functional senior management team. GM Keval Thakkar non-family hired.,Strong,CDMO = massive global tailwind. China+1 for specialty intermediates. Export markets Europe + USA. Antwerp warehouse = serious export infrastructure.,Strong,2024 Sayakha new facility commissioned. 128 employees active. AGM Dec 2025. 3 signals met: Facility + Certification + Active.,93,A - Strong Federer,Strong Pass,Top priority target. 40yr specialty chemical company gen-2 MD formally appointed. 2024 CDMO expansion. EcoVadis certified. NDA-based global MNC projects. Antwerp warehouse.,1983 specialty dye intermediates manufacturer commissioned 2024 CDMO facility at Sayakha - global MNCs ke liye confidential NDA synthesis with Europe stock point at Antwerp.,crystalquinone.com; Tofler; ZaubaCorp; TheCompanyCheck; RocketReach
Matangi Industries LLP,matangiindustries.com,Ahmedabad,Specialty Chemicals - Basket A,"Vinyl sulphone + derivatives OAVS/PCVS/DMAVS, performance chemicals, custom synthesis. CDMO for global MNCs.",Rs.100Cr+ est,Ruchit Jani,Promoter / MD,Gen-2 leader. Founder late Suryakant Jani. Ruchit Jani pivoted company into performance chemicals 2009.,Strong,3 plants - Vatva Phase I + II + Dahej Phase III. 350+ employees. 40+ countries distribution.,Strong,Vatva GIDC Ahmedabad + Dahej Gujarat.,Strong,ISO 9001:2015 + Kosher + Halal certified. Trusted CDMO partner for global MNCs. Star Export House status. 40+ countries. Multiple proprietary brands Colmat/Matcare/Matcrop.,Strong,Gen-2 Ruchit Jani leading post-founder. Strategic pivot to performance chemicals 2009 = operator systems thinking. 350+ employees = professional management layers exist.,Strong,CDMO tailwind. China+1 specialty chemicals. Agrochemicals + pharma + personal care all growing. 40+ country exports.,Strong,3 plants including Dahej expansion. 350+ employees growing. LinkedIn active March 2026. Star Export House = export growth. 2+ signals met.,80,A - Strong Federer,Strong Pass,Gen-2 already leading. CDMO partner for global MNCs. 3 plants. 40+ country exports. LLP structure caveat - verify ERP before outreach.,1994 vinyl sulphone se shuru - Ruchit Jani ke under 2009 performance chemicals pivot - ab 40+ countries mein global MNCs ka trusted CDMO partner.,matangiindustries.com; LinkedIn; Tofler
JADE Jasubhai Engineering Pvt Ltd,jade.net.in,Ahmedabad,Precision Aerospace & Defence - Basket C,"LCA Tejas fuselage parts, turbine blades, aerospace components, defence precision parts for HAL, L&T, Honeywell",Rs.100Cr+ est,Maulik Jasubhai Shah,MD - 4th Generation,4th generation of Jasubhai Group est. 1966. Maulik Jasubhai appointed Honorary Consul General of Austria. Multi-generational engineering legacy.,Strong,"120000+ sq.ft manufacturing facilities at Vatva GIDC Ahmedabad + Peenya Bangalore. CNC, 5-axis, EDM, CMM technologies. LCA Tejas fuselage parts supplier to HAL.",Strong,64/A GIDC Industrial Estate Phase-I Vatwa Ahmedabad - primary facility. SG Highway HQ.,Strong,"AS9100D + ISO 9001:2015 + DGAQA approved. Supplies HAL, L&T, Honeywell, Godrej & Boyce. LCA Tejas fuselage parts manufacturer. Defence + aerospace = highest barrier products.",Strong,4th generation family leadership. Maulik Jasubhai - international recognition Honorary Consul General Austria. Non-family GMs across divisions. Structured multi-level management.,Strong,Make-in-India aerospace defence. LCA Tejas program expanding. DGAQA approved = government supplier. IN-SPACe + defence indigenization = strongest tailwind.,Strong,Active hiring Design & Engineering + HR + Accounts across Pune Mumbai Bangalore. 120000 sq.ft facilities. Dubai + Muscat + Qatar + Oman international expansion. 3+ signals.,93,A - Strong Federer,Strong Pass,Perfect Federer. 1966 legacy engineering company. LCA Tejas HAL supplier. AS9100D + DGAQA certified. 4th generation leadership. International expansion. Textbook Federer.,1966 se Ahmedabad mein precision engineering - ab LCA Tejas ke fuselage parts HAL ko supply karta hai - AS9100D + DGAQA approved - India ke Make-in-India aerospace vision ka direct beneficiary.,jade.net.in; jasubhaiengineering.com; GlobalDefenceMart; LinkedIn
Paragon Fine & Speciality Chemical,paragonchemical.in,Ahmedabad,Custom Synthesis - Basket A,"Pharma intermediates, agro intermediates, EV/electronics chemicals ~140 products",Rs.83-102Cr,Dr. Pravinchandra Vasolia,MD,PhD (Law) + 32 years chemical industry experience,Strong,NSE Emerge listed. 7000 sq mtr manufacturing facility at Viramgam. In-house R&D team doing complex multi-step synthesis.,Strong,Viramgam Ahmedabad HQ + plant. All operations Gujarat.,Moderate,~140 differentiated products across pharma/agro/cosmetics/pigments. Developing EV/electronics chemicals. Complex multi-step synthesis capability. No patents confirmed but strong product breadth.,Moderate,PhD in Law not chemistry. 32 years industry experience. No ERP/SAP confirmed.,Strong,China+1 beneficiary. Specialty chemicals PLI-adjacent. EV chemicals = new tailwind. Export markets active.,Strong,Revenue grew Rs.83Cr FY21 to Rs.102Cr FY23. NSE Emerge IPO 2023. PAT nearly doubled. Hiring active post-IPO.,75,B - Probable Federer,Probable Pass,Strong product differentiation and China+1 tailwind. NSE listed gives financial visibility. C4 moderate - PhD in law not science. C7 ERP not confirmed - verify before outreach.,Custom synthesis specialist expanding from pharma intermediates into EV/electronics chemicals - perfectly positioned for India China+1 shift.,NSE Emerge filings; company website; IndiaMart; Tracxn
Texel Industries Limited,texelindia.com,Ahmedabad,Technical textiles & specialty yarns (Basket C),"Geomembranes, geotextiles, specialty coated fabrics for infrastructure, agriculture and environmental applications",Rs.121Cr FY25,Kirit Mehta,Founder & MD,5+ decades in specialty coated fabrics and geomembranes. Long-term operator-founder.,Strong,Own manufacturing plant near Kalol Ahmedabad. Full in-house production of geomembranes and coated fabrics.,Strong,HQ and plant in Gujarat - Kalol near Ahmedabad.,Strong,"Geomembranes and geotextiles - highly technical specialty products. Not a commodity fabric maker. Serves infrastructure, water conservation, agri - niche end markets.",Moderate,Long-term founder with 5+ decades in the business. Operator archetype. No confirmed SAP/ERP or structured costing model publicly.,Strong,"Government infrastructure push, Jal Jeevan Mission, PM Krishi Sinchai Yojana - all drive geomembrane demand. Make-in-India for technical textiles also active.",Strong,Revenue Rs.121Cr FY25 with 27% CAGR. EBITDA growth +522%. Strong financial performance. Signals met: Financial + Website active.,68,B - Probable Federer,Probable Pass,Strong technical textiles manufacturer in a government-backed infrastructure sector. Impressive EBITDA growth of 522%. Operator-founder with decades of experience. C7 and C8 need deeper verification.,Geomembrane manufacturer riding Jal Jeevan Mission and PM Krishi Sinchai Yojana infrastructure wave - 522% EBITDA growth in FY25 with 27% revenue CAGR.,texelindia.com; NSE filings; Tofler; LinkedIn
Alps Chemicals Private Limited,alpschemicals.com,Ahmedabad,Specialty Dyes - Basket A,"Acid dyes for leather, paper, polyamide; solvent dyes; liquid dyes for inkjet",Rs.180Cr FY25,Haresh Bhuta / Chinmay Bhuta,Founder / Director gen-2,Haresh Bhuta - founder. Chinmay Bhuta - gen-2 formally on board. Nikhil Mehta - non-family professional director.,Strong,ISO 9001/14001/18001 certified. Vatva GIDC Phase IV manufacturing facility since 1985. In-house production confirmed.,Strong,612 Vatva GIDC Phase IV Ahmedabad HQ + plant.,Moderate,ISO 9001/14001/18001 three certifications. Acid dyes for niche applications - leather paper polyamide. 40 year accumulated chemistry knowledge. No patents.,Moderate,Gen-2 Chinmay Bhuta on board. Non-family director Nikhil Mehta. Technical background not directly confirmed. ERP not confirmed.,Strong,Specialty acid dyes = leather + textile + paper China+1 beneficiary. Export markets active.,Strong,Revenue Rs.180Cr FY25. Revenue CAGR 12%. EBITDA CAGR 38%. 141 employees Aug 2025. 2+ signals.,73,B - Probable Federer,Probable Pass,40 year specialty dye company Rs.180Cr revenue EBITDA 38% CAGR gen-2 formally on board. C7 verify - ERP confirm hoto A band possible.,1985 se Vatva GIDC mein specialty acid dyes manufacturer - leather se paper tak niche applications - EBITDA 38% CAGR ke saath quietly compounding.,Tracxn; Tofler; IndiaMart; ZaubaCorp
TerraTech Chemicals India Pvt Ltd,terratech.in,Ahmedabad,Chlorinated Intermediates - Basket A,"Monochloro Acetic Acid MCAA, Sodium Monochloro Acetate SMCA , agrochemical + pharma intermediates",Rs.25-100Cr,Bimal Ghai / Tanay Ghai,Founder / Director gen-2,Bimal Vedkumar Ghai - founder. Tanay Bimal Ghai - gen-2 formally on board. Past European directors = foreign collaboration background.,Strong,Plot 455-461 Changodar Ahmedabad plant. 30000 MTPA capacity. India largest MCA manufacturer.,Strong,Changodar Ahmedabad plant + SG Highway Ahmedabad HQ.,Strong,India largest MCA manufacturer - market leader. Custom synthesis for agrochemical + pharma. 30000 MTPA capacity.,Moderate,Gen-2 Tanay Ghai on board. Professional non-family director Ravi Teja Prativada. Technical credentials not directly confirmed.,Strong,Agrochemicals + pharma intermediates both strong. MCA = key building block. China+1 direct beneficiary.,Moderate,88 employees Feb 2026 slight decline. Active AGM Sep 2024. Revenue Rs.25-100Cr. Employee decline = red flag.,72,B - Probable Federer,Probable Pass,India largest MCA manufacturer Ahmedabad confirmed gen-2 on board. C4 and C6 weak - employee decline concerning. Verify operations before outreach.,India largest Monochloro Acetic Acid manufacturer - agrochemicals aur pharma ke liye critical intermediate - Changodar Ahmedabad 30000 MTPA capacity.,terratech.in; Tracxn; TheCompanyCheck; D&B; IndiaMart
Encore Natural Polymers Pvt Ltd,encorenaturalpolymers.com,Ahmedabad,Specialty Natural Polymers - Basket A,"Hydroxypropyl Guar Gum, Hydroxyethyl Tamarind, Carboxymethyl Tamarind - oil well drilling, paints, construction polymers",Rs.173Cr FY23,Merchant Family,Directors,Merchant family - multi-generational. Originally IGI est. 1958 with Cesalpinia Italy collaboration. 1999 became Encore.,Strong,Ahmedabad manufacturing plant. 2500 tons/month capacity. Guar gum + derivatives in-house production.,Strong,Plant facility Ahmedabad Gujarat. Registered office Mumbai but operational presence Ahmedabad confirmed.,Moderate,"Specialty derivatized gums - HPG, HET, CMT. CMC/HEC replacement products. Niche applications oil well + paints + construction. Pioneer since 1958.",Moderate,Merchant family multi-generational. Technical background unclear. No ERP directly confirmed.,Strong,Oil well drilling chemicals growing. Paints + construction sector growing. Japan Korea Germany USA Europe exports. Multiple sector tailwinds.,Moderate,Revenue Rs.173Cr FY23 CAGR 428%. Global exports confirmed. Active website 2026. 1-2 signals.,60,B - Probable Federer,Probable Pass,1958 legacy specialty natural polymer company. Global exports Japan Korea Germany USA. Rs.173Cr revenue. Borderline on C4 and C7 - verify ERP and founder technical background.,1958 se specialty natural polymers manufacturer - guar gum derivatives jo oil well drilling se paints tak use hote hain - Japan Korea Germany USA global exports ke saath.,encorenaturalpolymers.com; Tracxn; RocketReach; IndiaMart; allbiz
Synzeal Research Private Limited,synzeal.com,Bavla - Ahmedabad,Specialty diagnostics & life-science tools (Basket A),"Pharmaceutical reference standards, API impurity standards, stable isotope-labelled compounds, drug metabolites, complex research chemicals for pharma R&D",Rs.144Cr FY25,Shailesh M Patel / Rameshbhai Maghabhai Patel,Directors,Technical founders. Science-oriented company - nature of business requires deep organic chemistry expertise. DSIR-recognized research centre.,Strong,Own manufacturing + R&D facility at Bavla Ahmedabad (Sarkhej-Bavla Road). DSIR-recognized SynZeal Research Centre. Not a services company - produces finished reference standard chemicals.,Strong,Plant and HQ at Bavla Ahmedabad Gujarat. Fully India-based.,Strong,DSIR-recognized R&D centre - government confirmed R&D capability. Custom synthesis of non-pharmacopeial impurity standards - highly niche. Global market presence at CPhI Frankfurt and CPhI India. Complex chemistry that competitors cannot easily replicate. 384 employees.,Moderate,Technical founders with science-driven management. No public PhD/IIT credentials available but DSIR recognition and nature of products confirm deep chemistry expertise in leadership.,Strong,Global pharma regulatory tightening drives demand for reference standards. ICH guidelines require more impurity characterization. China+1 in pharma APIs benefits Indian ecosystem. Drug development boom globally.,Strong,Revenue 21% CAGR. Rs.144Cr FY25 vs Rs.122Cr FY24. Employee count +10% YoY (333 to 384). Expanding product portfolio. Active CPhI international presence. Signals met: Financial + Hiring.,68,B - Probable Federer,Probable Pass,Strong technical moat in niche pharma reference standards. DSIR recognition confirms R&D depth. Fast-growing revenue with 21% CAGR. 384-person team for a specialized chemistry company is impressive. Only weakness is limited public data on leadership credentials and C8.,DSIR-recognized pharma reference standards company synthesizing impurity standards that global drug regulators demand - almost no Indian company does this at Synzeal's scale.,synzeal.com; Tracxn; Tofler MCA; ZaubaCorp; CPhI participation records
Synpol Products Private Limited,synpolproducts.net,Ahmedabad,Performance Chemicals / Specialty Resins (Basket A - Coatings & Resins),"Synthetic resins and auxiliary chemicals: Epoxy resins, Amino resins, Acrylic resins, Phenol Formaldehyde resins, Ketone resins, Polyamide resins. Focus on import substitution. Products used in pharma, textiles, paints, industrial coatings. 50+ years in operation.",Rs.50-100Cr (Revenue Rs.56.3Cr FY25 confirmed; 40% CAGR FY25; EBITDA CAGR 368%),Vinod J. Kothari (Chairman/MD - founder) + Manish Joshi (Director),Chairman & MD + Director,Founders are post-graduate degree holders in Paints & Coatings from Department of Chemical Technology University of Bombay - classic science/technical-founder archetype. Explicitly set up company to develop import-substitute specialty products in India.,Strong,Manufacturing plant at Odhav Ahmedabad (77 GVMSA Vasahat Ltd). ISO 9001:2015 certified. In-house production of synthetic resins confirmed. Not a trader - own manufacturing infrastructure 50+ years old.,Strong,Manufacturing and HQ at Odhav Ahmedabad. CIN U24299GJ1973PTC002440 ROC Ahmedabad. Full Gujarat operational presence.,Strong,Import substitution focus from founding (1964) - designed to replace foreign specialty resins. 50+ years of formulation depth. Broad resin portfolio (7+ resin types) in a technically complex chemistry space. ISO 9001:2015 certified. EBITDA CAGR 368% in FY25 shows strong product margins developing.,Moderate,Founders are post-graduate in Paints/Coatings (technical background confirmed). Director Manish Joshi on record. However: no IIT/PhD or DSIR confirmation. Gen-2 transition status unclear - verify on MCA/LinkedIn.,Strong,Specialty resins for paints/coatings = Make-in-India beneficiary. Import substitution directly aligned with government policy. Coating industry growing with construction boom. Pharma-grade resins in growth segment.,Strong,Revenue Rs.56.3Cr FY25 with 40% CAGR (Tracxn). EBITDA CAGR 368% - massive profitability jump. 83-90 employees. AGM Sep 2024 - active filings. Incorporated 1973 but showing sharp recent growth. Signals: Financial (40% CAGR) + Website active.,72,B - Probable Federer,Strong Pass,"Technically-founded company (PG in Chemical Technology) with 50+ years of specialty resin manufacturing and sharp recent growth (40% revenue CAGR FY25, EBITDA up 368%). Import substitution core positioning. Verify Gen-2 transition and ERP/SAP before finalising - if confirmed, moves to A-band.",Built India's import-substitute specialty resin portfolio from scratch in 1964 - 50 years before Make-in-India made it fashionable,"synpolproducts.net; Tracxn (Rs.56.3Cr FY25, 40% CAGR); ZoomInfo; Crunchbase; Zaubacorp CIN U24299GJ1973PTC002440; TechnoIndia profile"
Narayan Organics Pvt Ltd,narayanorganics.com,Ahmedabad,Performance Chemicals - Phthalocyanine Pigments (Basket A),"Copper Phthalocyanine Crude Blue + derivatives (Pigment Blue 15.0/15.1/15.3, Pigment Green 7); Copper Salts (Cuprous Chloride, Cupric Chloride, Ammonium Molybdate); Reactive & Direct Dyes via Narayan Dyestuff subsidiary",Rs.100-500Cr (Rs.193Cr FY22; FY23 same band - EBITDA declined 56.87% FY23),Dahyabhai Narandas Patel (Founder/MD); Mehul Dahyabhai Patel (Director gen-2); Purav Dahyabhai Patel (Director gen-2),Founder MD + 2 Gen-2 Directors,Founder M.Sc. Chemistry + 10+ years industry pre-founding. Mehul Patel (gen-2) NYIT educated; elected Vice-Chairman CHEMEXCIL. Science-family foundation.,Strong,5 manufacturing facilities Gujarat. Naroda GIDC Ahmedabad + Ankleshwar plant. 18000 MT/year group capacity. Vertically integrated - own Copper Salts raw material division since 1985.,Strong,HQ Sindhubhavan Road Thaltej Ahmedabad. Plant Naroda GIDC Ahmedabad. Operational presence confirmed.,Moderate,Top 10 CuPc manufacturer India. Exports 30+ countries. Vertically integrated - produces own Copper Salts upstream (competitors buy externally). R&D section on website. Nominated Modern Plastics Award 2023. Capability moat over IP moat.,Moderate,Founder M.Sc. Chemistry 40yr domain expertise. Gen-2 Mehul Patel NYIT educated + Vice-Chairman CHEMEXCIL - industry systems leadership. No IIT/PhD. No ERP/SAP evidence.,Strong,Specialty pigments PLI eligible. China+1 direct beneficiary - India global CuPc hub. Exports 30+ countries active. CHEMEXCIL member. Make-in-India push.,Moderate,2 of 5 signals: Active hiring (Techno-Commercial posting Ahmedabad on LinkedIn). CHINA COAT 2025 international exhibition (Hall W1 Booth B47). CAUTION: EBITDA -56.87% FY23 + networth -14.69%.,56,C - Borderline,Borderline ,Genuine specialty chemical manufacturer vertical integration strong export presence. Revenue band fits. Sector tailwinds very strong. Gen-2 active. BUT C7=0 no ERP evidence structural gap. EBITDA decline FY23 financial stress. If SAP/ERP found moves to B-band.,Built India's only vertically integrated Phthalocyanine operation - manufacturing own Copper Salts upstream since 1985 - scaled to Top 10 India exporting 30+ countries while peers still source raw materials externally.,narayanorganics.com; narayan-pigments.com; indiamart; tofler.in; zaubacorp.com; tracxn.com; linkedin.com/company/narayan-organics-private-limited; linkedin.com/in/narayan-organics-pvt-ltd-mehul-patel; modernplasticsaward.com
Ascent Finechem Private Limited,ascentfinechem.com,Ahmedabad,Custom Synthesis & Specialty Fine Chemicals - Basket A,"Anisic Aldehyde and derivatives (key starting materials for pharma + F&F), API intermediates, custom synthesis for pharma/flavours/fragrances/performance chemicals. CDMO from lab to industrial scale.",Rs.50-100Cr (Rs.95.5Cr FY24; EBITDA +5.4% YoY; networth +17.8% YoY),Anil M Jain (Founder & MD); Yashvardhan Jain (Director - gen-2),Founder MD + Gen-2 Director,"Founder Anil M Jain built company from 2004 - serial entrepreneur, angel investor in 1 startup. Technical domain depth in anisic aldehyde chemistry (specialty fine chemicals). Gen-2 Yashvardhan Jain formally appointed Director Oct 2021. No IIT/PhD publicly confirmed but founder-operator with strong specialty chemistry track record.",Strong,Own manufacturing + CDMO facility in Ahmedabad. State-of-the-art plant using 80%+ renewable energy. Lab-to-industrial scale synthesis capability. ISO 9001 certified. Not a trader - produces proprietary specialty fine chemicals. E1 PASS.,Strong,HQ at One 42 South Tower Bodakdev Ahmedabad. Manufacturing facility in Ahmedabad Gujarat. Full operational presence confirmed.,Strong,Anisic Aldehyde specialist - leading global supplier of this niche molecule used across pharma + F&F industries. Star Export House (Govt of India recognized). Custom synthesis from lab to industrial scale. 80%+ renewable energy = sustainability differentiation. Deep product specialization in one molecule family = strong capability moat.,Moderate,Founder Anil Jain is technical operator with deep specialty chemistry focus (20+ years in anisic aldehyde derivatives). Gen-2 Yashvardhan Jain formally on board Oct 2021 - succession in progress. Angel investor activity shows external systems thinking. No IIT/PhD or confirmed ERP/SAP. Moderate - operator with product depth but no confirmed formal systems.,Strong,API intermediates = global pharma tailwind. Flavours & fragrances = growing India + export market. Performance chemicals = China+1 beneficiary. Star Export House = active global demand confirmed.,Moderate,"Rs.95.5Cr revenue FY24 - EBITDA +5.4% YoY (modest), networth +17.8%. AGM held Sep 2024. FY25 financials filed Mar 2025. Active export operations. 2 signals met: Financial (17.8% networth growth) + Active filing. CAUTION: EBITDA growth only 5.4% - margin pressure possible.",65,B - Probable Federer,Probable Pass ,"Genuine specialty fine chemical company with strong product moat in anisic aldehyde derivatives. Star Export House + CDMO capability + renewable energy investment = operator thinking signs. Gen-2 formally on board. C4 moderate - no IIT/PhD, no confirmed ERP. Revenue Rs.95Cr is slightly below Rs.100Cr threshold - verify FY25 revenue to confirm in-band. EBITDA growth weak at 5.4% - investigate margin pressure before outreach. If FY25 revenue crossed Rs.100Cr, upgrades to stronger B-band.",India ka ek specialised anisic aldehyde manufacturer - pharma aur flavour & fragrance companies worldwide ko lab-to-industrial scale CDMO services deta hai - 80% renewable energy ke saath sustainability-driven chemistry.,ascentfinechem.com; Tracxn (Rs.95.5Cr revenue FY24; angel investor profile); TheCompanyCheck (MCA filings; Yashvardhan Jain director Oct 2021); Tofler (EBITDA +5.4%; networth +17.8% FY24); ZoomInfo (80% renewable energy; CDMO capability); RocketReach (Star Export House)
Vasu Healthcare Pvt Ltd,vasuhealthcare.com,Ahmedabad,Specialty Ayurvedic + Nutraceutical Ingredients - Basket B,"Ayurvedic formulations, nutraceutical ingredients, herbal extracts - branded Ayurveda + private label manufacturing. GMP certified.",Rs.100-500Cr est,Vasu Group Founders,MD / Directors,Long-standing Ayurveda specialists. Technical botanical/chemistry knowledge. ISO + GMP certified manufacturing.,Strong,Manufacturing plant Ahmedabad. ISO + GMP certified facility. In-house production confirmed.,Strong,Ahmedabad operations confirmed.,Moderate,GMP certified Ayurveda + nutraceutical manufacturer. Branded products + private label CDMO. Long-standing market position.,Moderate,Technical Ayurveda founders. Domain expertise confirmed. ERP not confirmed publicly.,Strong,Ayurveda + nutraceuticals = massive global tailwind. D2C boom. Export markets growing. Government support for Ayush.,Moderate,Long-standing company. Revenue stable. Active website. 1-2 signals.,58,C - Borderline,Borderline ,Ayurveda + nutraceutical manufacturer with GMP certification. Sector tailwinds very strong. But C7 unconfirmed and need to verify revenue band. Research further before including.,GMP-certified Ayurvedic manufacturer doing both branded Ayurveda and private-label nutraceutical CDMO - two revenue streams most Ayurveda companies don't combine.,vasuhealthcare.com; indiamart; tofler.in
Rohan Dyes and Intermediates Ltd,rohandyes.com,Ahmedabad,Specialty Chemicals - Dye Intermediates & Backward Integrated Sulphur Chemicals (Basket A),"Reactive dyes, acid dyes, direct dyes, H-acid, DASA, vinyl sulphone; backward integrated sulphuric acid (1,50,000 MT capacity), oleum, chlorosulphonic acid, liquid SO3",Rs.100-500Cr (Rs.190Cr FY25; 21% revenue CAGR; 22% EBITDA CAGR),Radheshyam Jindal (Founder/MD); Rohan Jindal (Director gen-2),Founder MD + Gen-2 Director,"Founder Radheshyam Jindal - built company from 1989, 35+ years specialty chemicals. Gen-2 Rohan Jindal (Manipal Academy) - formally on board, led company's pivot into basic chemicals and backward integration. No IIT/PhD confirmed.",Strong,"3 backward-integrated manufacturing units across 110 acres at Vatva GIDC Ahmedabad + Khambhat Gujarat. In-house sulphuric acid synthesis, oleum, chlorosulphonic acid all produced. Dedicated R&D and QC labs. 200+ employees. Not a trader.",Strong,Primary manufacturing at Vatva GIDC Ahmedabad. Admin office at Venus Stratum Satellite Road Ahmedabad. Operational presence fully confirmed.,Strong,"Full backward integration into inorganic acid chain - 1,50,000 MT sulphuric acid + 40,000 MT oleum + 50,000 MT chlorosulphonic acid + 25,000 MT liquid SO3 all in-house. Very few Indian dye intermediates players achieve this level of vertical integration. ISO 9001:2015 certified. Raw acid synthesis = real capital and process moat over competitors who buy externally.",Moderate,Founder Radheshyam Jindal 35+ year operator - large capex decisions and backward integration show strong business judgment. Gen-2 Rohan Jindal (Manipal Academy) formally on board and led basic chemicals diversification. No IIT/PhD or ex-DRDO pedigree. No ERP/SAP confirmed - job postings mention Tally/basic ERP only. Operator archetype with moderate systems evidence.,Strong,"Specialty dye intermediates = direct China+1 beneficiary. China historically dominates H-acid and vinyl sulphone global supply - Indian Gujarat cluster actively filling that gap. Exports confirmed to Europe, China, South Korea, Taiwan. PLI-adjacent sector with active government push for specialty chemicals.",Moderate,2 of 5 signals met: (1) Financial - Rs.190Cr FY25 revenue at 21% CAGR + 22% EBITDA CAGR confirmed via Tracxn. (2) Facility - New backward integration plant at Anand Gujarat + 2.10 MW captive solar power plant under implementation. CAUTION: Issuer Not Cooperating flag active across Acuite (rated ACUITE C Jan 2025) + ICRA + Brickwork since 2022 - financial transparency risk. 47 open roles Glassdoor but employee count data inconsistent across sources.,66,B - Probable Federer,Probable Pass - Flag: Issuer Not Cooperating,Strong backward integration moat and clear China+1 tailwind. 21% revenue CAGR and active capacity expansion confirm growth trajectory. However: C4 moderate (no IIT/PhD; Manipal grad gen-2; Tally-level systems only). Critical flag: Issuer Not Cooperating across 3 rating agencies since 2022 - company refusing to share financials with rating agencies is a transparency red flag for DT engagement. Include with explicit caveat - verify promoter openness to structured processes before outreach.,"One of the few Indian dye intermediates manufacturers who synthesizes its own sulphuric acid, oleum, and chlorosulphonic acid in-house - building backward integration depth that most Gujarat competitors simply buy from external suppliers.",rohandyes.com; LinkedIn company page (Rohan Dyes & Intermediates Limited); Tracxn FY25 financials; Acuite rating press release Jan 2025 (ACUITE C - Issuer Not Cooperating); MCA director filings via ZaubaCorp; Glassdoor job listings; Indiamart company profile; Tofler financial data
Loxim Industries Limited,loxim.com,Ahmedabad,Specialty Dyes & Engineering Plastics - Basket A,"Acid dyes, reactive dyes, direct dyes, paper dyes, textile dyes - specialty non-commodity applications; Engineering plastics distribution (licensed partner with global resin manufacturers); Entering pharma (API/intermediate) vertical 2024",Rs.100-500Cr (Rs.227Cr FY25; 26% revenue CAGR; 195% EBITDA CAGR),Jay Patel (Founder); Falguni Canon Patel / Jayprakash Maneklal Patel (Directors),Founder & Directors,Founder Jay Patel completed Chemical Engineering from USA and returned to India in 1977 to build import-substitute dyes. Operator-founder archetype - 45+ year track record of building a diversified specialty chemicals company. Now entering pharma API/intermediate vertical via new R&D hiring.,Strong,"Manufacturing facilities at Ahmedabad and Sanand Gujarat. ISO 9001:2015 certified. In-house production of specialty dyes for paper, textile, and ink industries. Own R&D centre. Not a trader - produces proprietary specialty formulations.",Strong,HQ Bodakdev Ahmedabad. Manufacturing at Sanand near Ahmedabad. Full operational presence in Gujarat confirmed.,Moderate,"Specialty non-commodity dyes - paper dyes, reactive, acid, direct. Licensed manufacturing with global resin partners (differentiation via access to global technology). New pharma API/intermediate vertical entering 2024 with R&D investment. ISO 9001:2015. No confirmed DSIR or patent-level moat - moderate differentiation.",Moderate,Founder Jay Patel is Chemical Engineering graduate from USA - technical operator who built from scratch. 45+ year track record. Now actively diversifying into pharma - shows systems and growth mindset. No confirmed ERP/SAP data publicly. Moderate - operator-founder with strong domain depth.,Strong,"Specialty dyes for paper, packaging, textile = China+1 direct beneficiary. Engineering plastics distribution = import substitution wave. Pharma API entry = additional tailwind. Multiple sector tailwinds active.",Strong,Rs.227Cr FY25 revenue at 26% CAGR + 195% EBITDA CAGR = strong financial momentum. New pharma vertical announced with walk-in hiring Feb 2024 in Vadodara. 100 employees as of Jul 2025. 3 signals met: Financial + Hiring + New sector diversification.,72,B - Probable Federer,Probable Pass,"Solid specialty dyes manufacturer with 45-year legacy and explosive financial momentum (195% EBITDA CAGR). Founder with Chemical Engineering from USA gives technical credibility. New pharma vertical entry signals growth mindset. C3 moderate - lacks patent/DSIR-level IP moat. C4 moderate - ERP/SAP not confirmed. If systems verification positive, strong A-band candidate.",1977 se Ahmedabad mein specialty dyes manufacturer - ab engineering plastics aur pharma API mein diversify kar raha hai - 195% EBITDA CAGR ke saath quietly compounding into multiple sectors.,loxim.com; IndiaMART company profile; LinkedIn company page (Loxim Industries Limited); Tracxn FY25 financials (Rs.227Cr revenue; 26% CAGR; 195% EBITDA CAGR); Tofler company details; EMIS company profile
Crest Speciality Resins Private Limited,crestresins.com,Ahmedabad,Performance Chemicals - Specialty Resins (Basket A),"Unsaturated polyester resins, vinyl ester resins, coil coating resins, FR (flame retardant) resins, gel coats, C'POL high heat-resistant resins (Silicon Modified Polyester + Epoxy), saturated polyester resins - for composites, infrastructure, wind energy, marine, industrial coating applications",Rs.100-500Cr (operating revenue band confirmed FY24; EBITDA +17.69% YoY; networth +20.32%),Founder/Chairman (BITS Pilani alumnus); Ranjit Singh / Ranjitbhai Sen / Susantakumar Pramanik (Directors),Founder Chairman + Professional Directors,Founder is an alumnus of BITS Pilani - premier engineering institution. Active in oversight of operations. Board includes professional non-family directors including Susantakumar Pramanik. Department of Science & Technology (Govt of India) has approved the company's R&D Centre.,Strong,Manufacturing unit at Ahmedabad (original Unsaturated Polyester + Vinyl Ester Resins). State-of-the-art facility at Kheda Gujarat (new expanded plant). Branch operations across India. In-house R&D centre with DST approval. 289 employees. Not a trader - designs and manufactures proprietary resin formulations.,Strong,HQ Ahmedabad. Manufacturing at Ahmedabad + Kheda Gujarat. Sales offices pan-India. Full operational presence confirmed.,Strong,"DST (Dept of Science & Technology, Govt of India) approved R&D Centre - government-confirmed research capability. Proprietary C'POL range of high heat-resistant resins (Silicon Modified Polyester + Epoxy). Tailor-made resin solutions for complex applications. Capacity expansion at Kheda + Dharwad Karnataka. IP-based + capability-based dual moat.",Strong,"BITS Pilani founder with 35+ years in specialty composites. DST R&D approval confirms technical depth. Non-family professional directors on board (Susantakumar Pramanik). Signs of structured governance - independent directors, multi-plant professional management.",Strong,"Specialty resins for wind energy, marine, infrastructure composites = strong tailwinds. PLI scheme in composites + chemicals. China+1 beneficiary in specialty polymers. Make-in-India infrastructure push drives demand for FR resins + structural composites.",Strong,EBITDA +17.69% YoY (FY24). Networth +20.32%. New facility operational at Kheda. Capacity expansion at Dharwad Karnataka. Filed FY25 financials (Mar 2025). AGM held Sep 2025. 3 signals met: Financial + Facility + Active filing.,82,A - Strong Federer,Strong Pass,Strong Federer profile. BITS Pilani founder with DST R&D approval - rare combination of academic pedigree and government-confirmed research capability. Proprietary high-performance resin formulations (C'POL range) for wind energy and industrial applications. Non-family directors on board signal structured governance. Multi-plant expansion confirms active growth. Primary gap: promoter identity not fully public - verify BITS Pilani founder name and confirm ERP systems before final outreach.,DST-approved R&D centre making high heat-resistant specialty resins for wind energy and composite infrastructure - one of the few Indian resin manufacturers with government-recognized research capability building India's composites ecosystem.,crestresins.com; Tofler (operating revenue FY24 Rs.100-500Cr; EBITDA +17.69%); TheCompanyCheck (289 employees; MCA filings); Tracxn legal entity profile; ZaubaCorp director data; EMIS company profile; Indiamart profile
Vasa Pharma Chem Pvt Ltd,vasapharmachem.com,Ahmedabad,Pharma Excipients - Basket A,"Mineral salts + excipients - Croscarmellose Sodium, Gluconates, Citrates, Stearates for pharma/nutraceuticals/food",Rs.75-100Cr,Jaimin Vasa / Vaishaliben Vasa,Directors,Jaimin Rasiklal Vasa - founder/director. Vaishaliben Jaiminbhai Vasa - director. Family-run.,Strong,Two state-of-art facilities Ahmedabad. Zero discharge policy. In-house mineral salts + excipients production.,Strong,Paldi Ahmedabad HQ + facilities Gujarat.,Moderate,Specialty excipients + mineral salts. Croscarmellose sodium superdisintegrant. Niche pharma ingredients. CPHI exhibitor. QC protocols strong.,Moderate,Family directors only - Jaimin + Vaishaliben. No technical background directly confirmed. 112 employees.,Strong,Pharma excipients + nutraceuticals China+1 + Make-in-India. Multiple sector tailwinds.,Moderate,Networth +29.85% FY24. Profit +8.86%. AGM Sep 2025 active. 112 employees Oct 2024. 1-2 signals.,66,B - Probable Federer,Probable Pass,1988 specialty excipients manufacturer. Zero discharge policy. CPHI exhibitor. Networth growing strongly. Verify ERP + technical background.,1988 se pharma excipients specialist - mineral salts se superdisintegrants tak - zero discharge Ahmedabad facilities.,vasapharmachem.com; IndiaMart; CPHI; Tracxn; Tofler
Aegis Lifesciences Pvt Ltd,aegis-lifesciences.com,Ahmedabad,Medical Devices - Basket B,"Absorbable haemostats - SURGISPON gelatin sponges, SURGI-ORC oxidized cellulose, SURGI-PVA nasal packs, DENTOSPON dental sponge",Rs.200-300Cr,Rajeev Gupta / Ranil Gupta,Director / Director gen-2,Rajeev Gupta - founder. Ranil Gupta - gen-2 formally on board. Both directors MCA confirmed.,Strong,Changodar Ahmedabad manufacturing facility. In-house production haemostats + ORC + PVA. State-of-art facilities.,Strong,Changodar Ahmedabad plant + Moraiya Gujarat.,Strong,ISO 13485 + MDSAP + CE Class III + USFDA registered. SURGISPON/SURGI-ORC/DENTOSPON proprietary brands. 80+ countries. World leading haemostat manufacturer.,Strong,Gen-2 Ranil Gupta formally on board MCA. Hiring EA to Director + Purchase Manager 2026 = structured management building.,Strong,Medical devices = strongest tailwind. 80+ countries exports - Europe USA UK NHS. WHO/UNICEF supply markets.,Strong,Active hiring multiple roles 2026. MDSAP recent certification. 80+ countries growing. AGM Sep 2025 active. 3+ signals.,89,A - Strong Federer,Strong Pass,World leading haemostat manufacturer. USFDA + CE Class III + MDSAP + ISO 13485. Gen-2 formally on board. 80+ countries. Ahmedabad manufacturing confirmed.,2008 se Ahmedabad mein world-leading haemostat manufacturer - SURGISPON brand 80+ countries NHS UK se USFDA registered - CE Class III + MDSAP certified.,aegis-lifesciences.com; LinkedIn; ZoomInfo; Tofler; ZaubaCorp
Altrafine Gums Pvt Ltd,altrafine.com,Ahmedabad,Specialty Ingredients — Hydrocolloids & Natural Gums,"Guar Gum Powder, Cassia Tora Powder, Tamarind Kernel Powder, Fenugreek Gum, Psyllium Products",Rs.95–100Cr FY24; EBITDA 16–18%; Export-Oriented,Patel Family Promoters,Promoter Directors + Gen-2 Management,Family-owned manufacturing business with technical chemicals/pharma experience and export focus,Strong,Own manufacturing facilities processing guar gum and specialty natural hydrocolloids; exporter for multiple industries,Strong,Ahmedabad Gujarat manufacturing operations with long-standing industrial presence and exports,Strong,Diversified hydrocolloid portfolio serving food pharma nutraceutical oil & gas textile pet food and industrial markets,Moderate-Strong,Technical manufacturing leadership with industry experience; no IIT/PhD evidence publicly verified,Strong,Natural ingredients nutraceuticals food additives and export manufacturing benefit from long-term sector tailwinds,Strong,"Revenue grew from ~Rs.65–70Cr FY22 to ~Rs.95–100Cr FY24; export expansion, new product launches, hiring and capacity additions visible",88,A — Strong Federer Candidate,Strong Pass,"High-quality Ahmedabad manufacturer with export presence, healthy EBITDA profile, differentiated product portfolio, visible succession planning and strong sector tailwinds. Growth is slightly below ideal threshold but overall business quality remains attractive.","One of the few Ahmedabad-based hydrocolloid manufacturers supplying food, pharma and industrial customers globally through a diversified natural gums portfolio.",altrafine.com; LinkedIn; MCA filings; Company filings; Export documentation; Industry sources
Fairchem Organics Ltd,fairchem.in,Ahmedabad,Specialty Chemicals — Oleochemicals & Nutraceutical Ingredients,"Dimer Acid, Linoleic Acid, Isostearic Acid, Sterol Concentrates, Nutraceutical Ingredients",Rs.459.65Cr FY26; EBITDA 4.70% margin,Professional Management Team,CEO & Technical Leadership,Fairfax-backed professionally managed specialty chemicals company with experienced industry leadership,Strong,Established manufacturer of specialty oleochemicals and nutraceutical ingredients with integrated production capabilities,Strong,Ahmedabad-based manufacturing operations with domestic and international market presence,Strong,Leading position in niche oleochemicals and value-added nutraceutical ingredients with export reach,Strong,"Professional management team with MBA, CA and technical industry backgrounds",Strong,"Specialty chemicals, nutraceuticals and aroma ingredients benefit from long-term industrial and consumer demand tailwinds",Moderate,"Revenue grew from approximately Rs.350–370Cr to Rs.450–480Cr during FY22–FY24 with exports, hiring and product expansion, but growth remained below 20 percent",74,B — Probable Federer,probable paas,"Strong manufacturer with differentiated products and professional management, but fails mandatory EBITDA (>15%) and growth (>20%) filters. Also not an unlisted promoter-led SME profile.",Institutionally backed specialty chemicals company serving global markets through differentiated oleochemical and nutraceutical product portfolio.,Fairchem.in; Annual Reports; Investor Presentations; LinkedIn; Company Filings
Elixir Pharma,elixirpharma.in,Ahmedabad,Pharmaceutical Manufacturing — APIs & Formulations,"APIs, Pharmaceutical Formulations, Export Products",Rs.85–90Cr FY24; EBITDA 16–18%,Ahmedabad-based Pharma Promoters,Promoter Directors + Gen-2 Management,Family-owned pharma manufacturing business with pharmacy/science background and active management involvement,Strong,Manufacturer of pharmaceutical products with Gujarat-based production facilities and export operations,Strong,Ahmedabad Gujarat manufacturing operations with domestic and international presence,Strong,Combination of APIs and formulations with export-driven growth strategy,Moderate-Strong,Promoter-led business with pharmacy/science background; technical orientation visible though IIT/PhD evidence not found,Strong,"Indian pharma exports, generics and formulation demand provide strong long-term sector tailwinds",Strong,"Revenue increased from approximately Rs.55–60Cr FY22 to Rs.85–90Cr FY24 with export expansion, hiring, capacity growth and new product launches",92,A+ — High Priority ,Strong Pass,"Meets revenue, EBITDA and growth filters while maintaining manufacturing strength, export orientation, promoter involvement and visible succession planning. One of the strongest matches for the target screening criteria.","Fast-growing Ahmedabad-based pharma manufacturer benefiting from export expansion, product diversification and strong industry tailwinds.",ElixirPharma.in; MCA filings; LinkedIn; Company filings; Industry sources
Shiv Chem Industries,shivchem.com,Ahmedabad,Specialty Chemicals — Chelating Agents & Industrial Chemicals,"EDTA Salts, NTA Salts, DTPA Salts, Water Treatment Chemicals",Rs.75–76Cr FY24; EBITDA ~17%,Sanjiv Girdharlal Vasant Family,Chairman & MD + Gen-2 Directors,Family-owned specialty chemical manufacturer with active Gen-2 involvement and technical chemicals background,Strong,"Manufacturer of specialty chemicals serving pharma, textile, agriculture and water-treatment sectors",Strong,Ahmedabad Gujarat manufacturing operations with export presence,Strong,"Focused portfolio of EDTA, NTA and DTPA products with diversified industrial applications",Moderate-Strong,Promoter-led business with family leadership and technical industry expertise,Strong,"Industrial chemicals, water treatment and export markets provide long-term demand tailwinds",Strong,Revenue grew from approximately Rs.45–50Cr FY22 to Rs.75–76Cr FY24; FY23?FY24 growth around 22%; product expansion and export growth visible,91,A+ — High Priority ,Strong Pass,"Meets all primary screening criteria including revenue band, EBITDA threshold, growth threshold, manufacturing strength, export orientation and active succession planning. Strong recruiter-grade fit.","Growing Ahmedabad specialty chemical manufacturer benefiting from export expansion, diversified end-markets and visible Gen-2 leadership transition.",Audited FY24 Financials; MCA Filings; BSE Filings; Industry Sources
Ascent Yarns Pvt Ltd,ascentyarns.com,Ahmedabad,Technical Textiles & Specialty Dyed Yarns,"Dyed yarns, sewing thread yarns, hosiery yarns, label yarns, furnishing yarns, specialty engineered yarns",Revenue not publicly disclosed; medium-scale exporter (101–500 employees),Vinod Shekhar; Ashvini Shekhar; Anup Khushu,Promoter Directors + Gen-2 Leadership,Promoter-led textile manufacturing business. Vinod Shekhar and Anup Khushu associated since incorporation. Ashvini Shekhar joined board in 2010 indicating active Gen-2 involvement. No IIT/PhD pedigree publicly verified.,Strong,"20+ years manufacturing experience with dedicated dyeing and yarn processing infrastructure. Supplies yarn solutions across garment labels, narrow fabrics, socks, hosiery, furnishings and sewing thread applications. Not a trading company.",Strong,Ahmedabad-based textile manufacturer operating from Gujarat textile ecosystem. Domestic manufacturing and export operations clearly established.,Strong,"Focus on engineered yarn solutions rather than commodity yarns. Company emphasizes innovation, sustainability, CAD/CAM integration, quality systems and customized performance-oriented products for global textile customers.",Moderate,"Promoter-led operating model with deep textile experience. Long manufacturing track record and technical textile expertise visible, but no publicly verified elite technical pedigree or large-scale ERP/SAP transformation evidence.",Strong,"Global apparel sourcing, sustainability requirements and specialty textile demand support long-term opportunity. Export-oriented positioning provides exposure to international garment and label supply chains.",Moderate,FY25 audited EBITDA margin ~15.57% passes threshold. FY25 revenue growth ~10.76% remains below aggressive 20% target. FY23 performance was weak before recovery. Revenue band and shareholding still require MCA confirmation.,76,B+ — probable federer,Probable Pass,"Strong exporter with verified EBITDA above 15%, established manufacturing capability, visible Gen-2 succession and 20+ year operating history. However growth remains below target threshold and audited revenue/shareholding are not publicly available. Suitable for leadership mapping with financial verification pending.","Specialty yarn manufacturer serving global garment and textile brands through innovation, sustainability and customized engineered yarn solutions rather than pure commodity textile production.",ascentyarns.com; The Company Check (CIN U17297GJ2003PTC042456); EMIS FY25 financial metrics; MCA director records; company sustainability and manufacturing disclosures
HCP Plastene Bulkpack Ltd,hcpplastene.com,Ahmedabad,Industrial Packaging & Technical Textiles (FIBC / Woven Sacks / Geotextiles),"FIBC bags, PP/HDPE woven sacks, liners, woven labels, geotextiles, technical textile products",Rs.100–500Cr (Rs.463Cr FY25 consolidated revenue),Anil Goyal (Chairman); Prakashkumar Hiralal Parekh (CEO/Promoter),Promoter Chairman + Promoter CEO + Professional CFO,Promoter-driven business with active family ownership. Prakashkumar Parekh represents Gen-2 leadership. Professional CFO and COO added to support scaling.,Strong,Large-scale manufacturing operations in woven packaging and technical textiles with export-oriented production facilities. Established manufacturing history and dedicated production infrastructure.,Strong,Corporate headquarters in Ahmedabad with manufacturing operations in Gujarat. India manufacturing footprint fully verified.,Moderate,Strong export franchise (?69% revenue from exports) and established position in industrial packaging. However products are relatively commoditized compared with specialty chemicals or pharma APIs.,Moderate,"Promoter-led leadership with demonstrated execution capability, but no evidence of deep technical founder pedigree (IIT/PhD/R&D-led operator archetype). Professional management partially present.",Strong,"Global demand for FIBC bags, industrial packaging and technical textiles supported by export markets across Europe, Africa and Asia. Export revenue exceeded Rs.316Cr in FY25.",Strong,FY25 revenue rebounded sharply to Rs.463Cr. Exports grew significantly and profitability turned positive after prior losses. Clear evidence of business recovery and scaling.,62,B — Probable Federer,Probable Pass,"Strong revenue scale, export intensity and promoter ownership. However EBITDA margin only ~8.6% on audited consolidated FY25 results, which fails the >15% profitability filter. Better fit for scale/export assignments than high-margin manufacturing screens.","One of Gujarat's largest export-oriented FIBC and industrial packaging manufacturers, generating nearly 70% of revenue from international markets.",FY25 Annual Report; Economic Times financials; IndiaInfoline Directors Report; Company filings; Company website; BSE disclosures
